{
  "project_info": {
    "project_number": "95891744519",
    "firebase_url": "https://fir-intro-3dbb7.firebaseio.com",
    "project_id": "fir-intro-3dbb7",
    "storage_bucket": "fir-intro-3dbb7.appspot.com"
  },
  "client": [
    {
      "client_info": {
        "mobilesdk_app_id": "1:95891744519:android:c198986e6b182657",
        "android_client_info": {
          "package_name": "com.gohool.firebaseintro.firebaseintro"
        }
      },
      "oauth_client": [
        {
          "client_id": "95891744519-6bsksdtiu776s72vko69jt1023ckt2f8.apps.googleusercontent.com",
          "client_type": 1,
          "android_info": {
            "package_name": "com.gohool.firebaseintro.firebaseintro",
            "certificate_hash": "b32ffed495a7c4b5e4e42298b96ccebc4d33bec0"
          }
        },
        {
          "client_id": "95891744519-tj8hknpq1io1aijkqvic56as1lu5vcjt.apps.googleusercontent.com",
          "client_type": 3
        }
      ],
      "api_key": [
        {
          "current_key": "AIzaSyAbXnqUEO_xUR3hPyKGS80m7FOFFiLqU4M"
        }
      ],
      "services": {
        "analytics_service": {
          "status": 1
        },
        "appinvite_service": {
          "status": 2,
          "other_platform_oauth_client": [
            {
              "client_id": "95891744519-tj8hknpq1io1aijkqvic56as1lu5vcjt.apps.googleusercontent.com",
              "client_type": 3
            }
          ]
        },
        "ads_service": {
          "status": 2
        }
      }
    },
    {
      "client_info": {
        "mobilesdk_app_id": "1:95891744519:android:9ecda9e0ebaf4b53",
        "android_client_info": {
          "package_name": "com.gohool.blogapp.myblogapp"
        }
      },
      "oauth_client": [
        {
          "client_id": "95891744519-1jm71cgrcb1cfkjkfuiqj1k6eoq5d736.apps.googleusercontent.com",
          "client_type": 1,
          "android_info": {
            "package_name": "com.gohool.blogapp.myblogapp",
            "certificate_hash": "b32ffed495a7c4b5e4e42298b96ccebc4d33bec0"
          }
        },
        {
          "client_id": "95891744519-tj8hknpq1io1aijkqvic56as1lu5vcjt.apps.googleusercontent.com",
          "client_type": 3
        }
      ],
      "api_key": [
        {
          "current_key": "AIzaSyAbXnqUEO_xUR3hPyKGS80m7FOFFiLqU4M"
        }
      ],
      "services": {
        "analytics_service": {
          "status": 1
        },
        "appinvite_service": {
          "status": 2,
          "other_platform_oauth_client": [
            {
              "client_id": "95891744519-tj8hknpq1io1aijkqvic56as1lu5vcjt.apps.googleusercontent.com",
              "client_type": 3
            }
          ]
        },
        "ads_service": {
          "status": 2
        }
      }
    },
    {
      "client_info": {
        "mobilesdk_app_id": "1:95891744519:android:3d7c81d00c7fc1b8",
        "android_client_info": {
          "package_name": "com.gohool.theblog.blog"
        }
      },
      "oauth_client": [
        {
          "client_id": "95891744519-a6olsajk7pgesumfp8iod490bafeiecu.apps.googleusercontent.com",
          "client_type": 1,
          "android_info": {
            "package_name": "com.gohool.theblog.blog",
            "certificate_hash": "b32ffed495a7c4b5e4e42298b96ccebc4d33bec0"
          }
        },
        {
          "client_id": "95891744519-tj8hknpq1io1aijkqvic56as1lu5vcjt.apps.googleusercontent.com",
          "client_type": 3
        }
      ],
      "api_key": [
        {
          "current_key": "AIzaSyAbXnqUEO_xUR3hPyKGS80m7FOFFiLqU4M"
        }
      ],
      "services": {
        "analytics_service": {
          "status": 1
        },
        "appinvite_service": {
          "status": 2,
          "other_platform_oauth_client": [
            {
              "client_id": "95891744519-tj8hknpq1io1aijkqvic56as1lu5vcjt.apps.googleusercontent.com",
              "client_type": 3
            }
          ]
        },
        "ads_service": {
          "status": 2
        }
      }
    }
  ],
  "configuration_version": "1"
}